medicine_name,medicine_name_normalized,aware_category,is_monitoring_only,is_not_on_eml,medicine_url,source,source_url,retrieved_at
Amikacin,amikacin,Access,False,False,https://list.essentialmeds.org/medicines/327,WHO AWaRe Antibiotics Portal,https://aware.essentialmeds.org/list,2026-07-13T20:35:59.093455+00:00
Amoxicillin,amoxicillin,Access,False,False,https://list.essentialmeds.org/medicines/299,WHO AWaRe Antibiotics Portal,https://aware.essentialmeds.org/list,2026-07-13T20:35:59.114754+00:00
Amoxicillin + clavulanic acid,amoxicillin + clavulanic acid,Access,False,False,https://list.essentialmeds.org/medicines/310,WHO AWaRe Antibiotics Portal,https://aware.essentialmeds.org/list,2026-07-13T20:35:59.144259+00:00
Amoxicillin + sulbactam,amoxicillin + sulbactam,Access,True,True,https://list.essentialmeds.org/medicines/981,WHO AWaRe Antibiotics Portal,https://aware.essentialmeds.org/list,2026-07-13T20:35:59.227240+00:00
Ampicillin,ampicillin,Access,False,False,https://list.essentialmeds.org/medicines/302,WHO AWaRe Antibiotics Portal,https://aware.essentialmeds.org/list,2026-07-13T20:35:59.231863+00:00
Ampicillin + sulbactam,ampicillin + sulbactam,Access,True,True,https://list.essentialmeds.org/medicines/598,WHO AWaRe Antibiotics Portal,https://aware.essentialmeds.org/list,2026-07-13T20:35:59.276905+00:00
Azanidazole,azanidazole,Access,True,True,https://list.essentialmeds.org/medicines/980,WHO AWaRe Antibiotics Portal,https://aware.essentialmeds.org/list,2026-07-13T20:35:59.299613+00:00
Azidocillin,azidocillin,Access,True,True,https://list.essentialmeds.org/medicines/793,WHO AWaRe Antibiotics Portal,https://aware.essentialmeds.org/list,2026-07-13T20:35:59.304481+00:00
Bacampicillin,bacampicillin,Access,True,True,https://list.essentialmeds.org/medicines/680,WHO AWaRe Antibiotics Portal,https://aware.essentialmeds.org/list,2026-07-13T20:35:59.366647+00:00
Benzathine benzylpenicillin,benzathine benzylpenicillin,Access,False,False,https://list.essentialmeds.org/medicines/311,WHO AWaRe Antibiotics Portal,https://aware.essentialmeds.org/list,2026-07-13T20:35:59.375454+00:00
Benzathine phenoxymethylpenicillin,benzathine phenoxymethylpenicillin,Access,True,True,https://list.essentialmeds.org/medicines/983,WHO AWaRe Antibiotics Portal,https://aware.essentialmeds.org/list,2026-07-13T20:35:59.384464+00:00
Benzylpenicillin,benzylpenicillin,Access,False,False,https://list.essentialmeds.org/medicines/303,WHO AWaRe Antibiotics Portal,https://aware.essentialmeds.org/list,2026-07-13T20:35:59.388984+00:00
Brodimoprim,brodimoprim,Access,True,True,https://list.essentialmeds.org/medicines/795,WHO AWaRe Antibiotics Portal,https://aware.essentialmeds.org/list,2026-07-13T20:35:59.415011+00:00
Capreomycin,capreomycin,Access,True,True,https://list.essentialmeds.org/medicines/349,WHO AWaRe Antibiotics Portal,https://aware.essentialmeds.org/list,2026-07-13T20:35:59.427763+00:00
Cefacetrile,cefacetrile,Access,True,True,https://list.essentialmeds.org/medicines/683,WHO AWaRe Antibiotics Portal,https://aware.essentialmeds.org/list,2026-07-13T20:35:59.444892+00:00
Cefadroxil,cefadroxil,Access,True,True,https://list.essentialmeds.org/medicines/685,WHO AWaRe Antibiotics Portal,https://aware.essentialmeds.org/list,2026-07-13T20:35:59.457863+00:00
Cefalexin,cefalexin,Access,False,False,https://list.essentialmeds.org/medicines/304,WHO AWaRe Antibiotics Portal,https://aware.essentialmeds.org/list,2026-07-13T20:35:59.470097+00:00
Cefaloridine,cefaloridine,Access,True,True,https://list.essentialmeds.org/medicines/798,WHO AWaRe Antibiotics Portal,https://aware.essentialmeds.org/list,2026-07-13T20:35:59.485793+00:00
Cefalotin,cefalotin,Access,True,True,https://list.essentialmeds.org/medicines/686,WHO AWaRe Antibiotics Portal,https://aware.essentialmeds.org/list,2026-07-13T20:35:59.489734+00:00
Cefapirin,cefapirin,Access,True,True,https://list.essentialmeds.org/medicines/688,WHO AWaRe Antibiotics Portal,https://aware.essentialmeds.org/list,2026-07-13T20:35:59.497610+00:00
Cefatrizine,cefatrizine,Access,True,True,https://list.essentialmeds.org/medicines/689,WHO AWaRe Antibiotics Portal,https://aware.essentialmeds.org/list,2026-07-13T20:35:59.501407+00:00
Cefazedone,cefazedone,Access,True,True,https://list.essentialmeds.org/medicines/690,WHO AWaRe Antibiotics Portal,https://aware.essentialmeds.org/list,2026-07-13T20:35:59.505378+00:00
Cefazolin,cefazolin,Access,False,False,https://list.essentialmeds.org/medicines/305,WHO AWaRe Antibiotics Portal,https://aware.essentialmeds.org/list,2026-07-13T20:35:59.509289+00:00
Cefradine,cefradine,Access,True,True,https://list.essentialmeds.org/medicines/712,WHO AWaRe Antibiotics Portal,https://aware.essentialmeds.org/list,2026-07-13T20:35:59.712341+00:00
Cefroxadine,cefroxadine,Access,True,True,https://list.essentialmeds.org/medicines/713,WHO AWaRe Antibiotics Portal,https://aware.essentialmeds.org/list,2026-07-13T20:35:59.715814+00:00
Ceftezole,ceftezole,Access,True,True,https://list.essentialmeds.org/medicines/715,WHO AWaRe Antibiotics Portal,https://aware.essentialmeds.org/list,2026-07-13T20:35:59.745566+00:00
Chloramphenicol,chloramphenicol,Access,False,False,https://list.essentialmeds.org/medicines/332,WHO AWaRe Antibiotics Portal,https://aware.essentialmeds.org/list,2026-07-13T20:35:59.801078+00:00
Clindamycin,clindamycin,Access,False,False,https://list.essentialmeds.org/medicines/309,WHO AWaRe Antibiotics Portal,https://aware.essentialmeds.org/list,2026-07-13T20:35:59.843699+00:00
Clometocillin,clometocillin,Access,True,True,https://list.essentialmeds.org/medicines/720,WHO AWaRe Antibiotics Portal,https://aware.essentialmeds.org/list,2026-07-13T20:35:59.856061+00:00
Cloxacillin,cloxacillin,Access,False,False,https://list.essentialmeds.org/medicines/306,WHO AWaRe Antibiotics Portal,https://aware.essentialmeds.org/list,2026-07-13T20:35:59.861955+00:00
Dicloxacillin,dicloxacillin,Access,True,True,https://list.essentialmeds.org/medicines/724,WHO AWaRe Antibiotics Portal,https://aware.essentialmeds.org/list,2026-07-13T20:35:59.893996+00:00
Doxycycline,doxycycline,Access,False,False,https://list.essentialmeds.org/medicines/318,WHO AWaRe Antibiotics Portal,https://aware.essentialmeds.org/list,2026-07-13T20:35:59.902254+00:00
Epicillin,epicillin,Access,True,True,https://list.essentialmeds.org/medicines/804,WHO AWaRe Antibiotics Portal,https://aware.essentialmeds.org/list,2026-07-13T20:35:59.915818+00:00
First choice,first choice,Access,True,True,https://list.essentialmeds.org/recommendations/610,WHO AWaRe Antibiotics Portal,https://aware.essentialmeds.org/list,2026-07-13T20:35:59.379658+00:00
Flucloxacillin,flucloxacillin,Access,True,True,https://list.essentialmeds.org/medicines/732,WHO AWaRe Antibiotics Portal,https://aware.essentialmeds.org/list,2026-07-13T20:35:59.942412+00:00
Furazidin,furazidin,Access,True,True,https://list.essentialmeds.org/medicines/807,WHO AWaRe Antibiotics Portal,https://aware.essentialmeds.org/list,2026-07-13T20:35:59.958068+00:00
Gentamicin,gentamicin,Access,False,False,https://list.essentialmeds.org/medicines/229,WHO AWaRe Antibiotics Portal,https://aware.essentialmeds.org/list,2026-07-13T20:35:59.973601+00:00
Hetacillin,hetacillin,Access,True,True,https://list.essentialmeds.org/medicines/809,WHO AWaRe Antibiotics Portal,https://aware.essentialmeds.org/list,2026-07-13T20:35:59.985315+00:00
Mecillinam,mecillinam,Access,True,True,https://list.essentialmeds.org/medicines/744,WHO AWaRe Antibiotics Portal,https://aware.essentialmeds.org/list,2026-07-13T20:36:00.039560+00:00
Metampicillin,metampicillin,Access,True,True,https://list.essentialmeds.org/medicines/817,WHO AWaRe Antibiotics Portal,https://aware.essentialmeds.org/list,2026-07-13T20:36:00.053411+00:00
Meticillin,meticillin,Access,False,False,https://list.essentialmeds.org/medicines/818,WHO AWaRe Antibiotics Portal,https://aware.essentialmeds.org/list,2026-07-13T20:36:00.055409+00:00
Metronidazole,metronidazole,Access,False,False,https://list.essentialmeds.org/medicines/313,WHO AWaRe Antibiotics Portal,https://aware.essentialmeds.org/list,2026-07-13T20:36:00.057841+00:00
Nafcillin,nafcillin,Access,True,True,https://list.essentialmeds.org/medicines/751,WHO AWaRe Antibiotics Portal,https://aware.essentialmeds.org/list,2026-07-13T20:36:00.101717+00:00
Nifurtoinol,nifurtoinol,Access,True,True,https://list.essentialmeds.org/medicines/822,WHO AWaRe Antibiotics Portal,https://aware.essentialmeds.org/list,2026-07-13T20:36:00.121806+00:00
Nimorazole,nimorazole,Access,True,True,https://list.essentialmeds.org/medicines/985,WHO AWaRe Antibiotics Portal,https://aware.essentialmeds.org/list,2026-07-13T20:36:00.124081+00:00
Nitrofurantoin,nitrofurantoin,Access,False,False,https://list.essentialmeds.org/medicines/301,WHO AWaRe Antibiotics Portal,https://aware.essentialmeds.org/list,2026-07-13T20:36:00.126076+00:00
Ornidazole (injection),ornidazole injection,Access,True,True,https://list.essentialmeds.org/medicines/823,WHO AWaRe Antibiotics Portal,https://aware.essentialmeds.org/list,2026-07-13T20:36:00.148684+00:00
Ornidazole (oral),ornidazole oral,Access,True,True,https://list.essentialmeds.org/medicines/824,WHO AWaRe Antibiotics Portal,https://aware.essentialmeds.org/list,2026-07-13T20:36:00.150209+00:00
Oxacillin,oxacillin,Access,True,True,https://list.essentialmeds.org/medicines/756,WHO AWaRe Antibiotics Portal,https://aware.essentialmeds.org/list,2026-07-13T20:36:00.151552+00:00
Penamecillin,penamecillin,Access,True,True,https://list.essentialmeds.org/medicines/760,WHO AWaRe Antibiotics Portal,https://aware.essentialmeds.org/list,2026-07-13T20:36:00.160413+00:00
Phenoxymethylpenicillin,phenoxymethylpenicillin,Access,False,False,https://list.essentialmeds.org/medicines/308,WHO AWaRe Antibiotics Portal,https://aware.essentialmeds.org/list,2026-07-13T20:36:00.166234+00:00
Pivampicillin,pivampicillin,Access,True,True,https://list.essentialmeds.org/medicines/763,WHO AWaRe Antibiotics Portal,https://aware.essentialmeds.org/list,2026-07-13T20:36:00.177923+00:00
Pivmecillinam,pivmecillinam,Access,True,True,https://list.essentialmeds.org/medicines/764,WHO AWaRe Antibiotics Portal,https://aware.essentialmeds.org/list,2026-07-13T20:36:00.180229+00:00
Procaine benzylpenicillin,procaine benzylpenicillin,Access,False,False,https://list.essentialmeds.org/medicines/319,WHO AWaRe Antibiotics Portal,https://aware.essentialmeds.org/list,2026-07-13T20:36:00.185789+00:00
Propenidazole,propenidazole,Access,True,True,https://list.essentialmeds.org/medicines/986,WHO AWaRe Antibiotics Portal,https://aware.essentialmeds.org/list,2026-07-13T20:36:00.188595+00:00
Propicillin,propicillin,Access,True,True,https://list.essentialmeds.org/medicines/830,WHO AWaRe Antibiotics Portal,https://aware.essentialmeds.org/list,2026-07-13T20:36:00.189648+00:00
Satranidazole,satranidazole,Access,True,True,https://list.essentialmeds.org/medicines/987,WHO AWaRe Antibiotics Portal,https://aware.essentialmeds.org/list,2026-07-13T20:36:00.203281+00:00
Secnidazole,secnidazole,Access,True,True,https://list.essentialmeds.org/medicines/836,WHO AWaRe Antibiotics Portal,https://aware.essentialmeds.org/list,2026-07-13T20:36:00.204189+00:00
Second choice,second choice,Access,False,False,https://list.essentialmeds.org/recommendations/616,WHO AWaRe Antibiotics Portal,https://aware.essentialmeds.org/list,2026-07-13T20:35:59.840742+00:00
Spectinomycin,spectinomycin,Access,False,False,https://list.essentialmeds.org/medicines/300,WHO AWaRe Antibiotics Portal,https://aware.essentialmeds.org/list,2026-07-13T20:36:00.208264+00:00
Sulbactam,sulbactam,Access,True,True,https://list.essentialmeds.org/medicines/840,WHO AWaRe Antibiotics Portal,https://aware.essentialmeds.org/list,2026-07-13T20:36:00.213482+00:00
Sulfadiazine,sulfadiazine,Access,True,True,https://list.essentialmeds.org/medicines/385,WHO AWaRe Antibiotics Portal,https://aware.essentialmeds.org/list,2026-07-13T20:36:00.215886+00:00
Sulfadiazine + tetroxoprim,sulfadiazine + tetroxoprim,Access,True,True,https://list.essentialmeds.org/medicines/841,WHO AWaRe Antibiotics Portal,https://aware.essentialmeds.org/list,2026-07-13T20:36:00.217889+00:00
Sulfadiazine + trimethoprim,sulfadiazine + trimethoprim,Access,True,True,https://list.essentialmeds.org/medicines/778,WHO AWaRe Antibiotics Portal,https://aware.essentialmeds.org/list,2026-07-13T20:36:00.218744+00:00
Sulfadimethoxine,sulfadimethoxine,Access,True,True,https://list.essentialmeds.org/medicines/842,WHO AWaRe Antibiotics Portal,https://aware.essentialmeds.org/list,2026-07-13T20:36:00.219520+00:00
Sulfadimidine,sulfadimidine,Access,True,True,https://list.essentialmeds.org/medicines/601,WHO AWaRe Antibiotics Portal,https://aware.essentialmeds.org/list,2026-07-13T20:36:00.220279+00:00
Sulfadimidine + trimethoprim,sulfadimidine + trimethoprim,Access,True,True,https://list.essentialmeds.org/medicines/843,WHO AWaRe Antibiotics Portal,https://aware.essentialmeds.org/list,2026-07-13T20:36:00.221013+00:00
Sulfafurazole,sulfafurazole,Access,True,True,https://list.essentialmeds.org/medicines/844,WHO AWaRe Antibiotics Portal,https://aware.essentialmeds.org/list,2026-07-13T20:36:00.221694+00:00
Sulfaisodimidine,sulfaisodimidine,Access,True,True,https://list.essentialmeds.org/medicines/845,WHO AWaRe Antibiotics Portal,https://aware.essentialmeds.org/list,2026-07-13T20:36:00.222411+00:00
Sulfalene,sulfalene,Access,True,True,https://list.essentialmeds.org/medicines/846,WHO AWaRe Antibiotics Portal,https://aware.essentialmeds.org/list,2026-07-13T20:36:00.223094+00:00
Sulfamazone,sulfamazone,Access,True,True,https://list.essentialmeds.org/medicines/847,WHO AWaRe Antibiotics Portal,https://aware.essentialmeds.org/list,2026-07-13T20:36:00.223762+00:00
Sulfamerazine,sulfamerazine,Access,True,True,https://list.essentialmeds.org/medicines/848,WHO AWaRe Antibiotics Portal,https://aware.essentialmeds.org/list,2026-07-13T20:36:00.224483+00:00
Sulfamerazine + trimethoprim,sulfamerazine + trimethoprim,Access,True,True,https://list.essentialmeds.org/medicines/849,WHO AWaRe Antibiotics Portal,https://aware.essentialmeds.org/list,2026-07-13T20:36:00.225202+00:00
Sulfamethizole,sulfamethizole,Access,True,True,https://list.essentialmeds.org/medicines/850,WHO AWaRe Antibiotics Portal,https://aware.essentialmeds.org/list,2026-07-13T20:36:00.225852+00:00
Sulfamethizole + trimethoprim,sulfamethizole + trimethoprim,Access,True,True,https://list.essentialmeds.org/medicines/779,WHO AWaRe Antibiotics Portal,https://aware.essentialmeds.org/list,2026-07-13T20:36:00.226498+00:00
Sulfamethoxazole,sulfamethoxazole,Access,True,True,https://list.essentialmeds.org/medicines/851,WHO AWaRe Antibiotics Portal,https://aware.essentialmeds.org/list,2026-07-13T20:36:00.227169+00:00
Sulfamethoxazole + trimethoprim,sulfamethoxazole + trimethoprim,Access,False,False,https://list.essentialmeds.org/medicines/334,WHO AWaRe Antibiotics Portal,https://aware.essentialmeds.org/list,2026-07-13T20:36:00.227807+00:00
Sulfamethoxypyridazine,sulfamethoxypyridazine,Access,True,True,https://list.essentialmeds.org/medicines/852,WHO AWaRe Antibiotics Portal,https://aware.essentialmeds.org/list,2026-07-13T20:36:00.229324+00:00
Sulfametomidine,sulfametomidine,Access,True,True,https://list.essentialmeds.org/medicines/853,WHO AWaRe Antibiotics Portal,https://aware.essentialmeds.org/list,2026-07-13T20:36:00.229977+00:00
Sulfametoxydiazine,sulfametoxydiazine,Access,True,True,https://list.essentialmeds.org/medicines/854,WHO AWaRe Antibiotics Portal,https://aware.essentialmeds.org/list,2026-07-13T20:36:00.230578+00:00
Sulfametrole + trimethoprim,sulfametrole + trimethoprim,Access,True,True,https://list.essentialmeds.org/medicines/780,WHO AWaRe Antibiotics Portal,https://aware.essentialmeds.org/list,2026-07-13T20:36:00.231197+00:00
Sulfamoxole,sulfamoxole,Access,True,True,https://list.essentialmeds.org/medicines/855,WHO AWaRe Antibiotics Portal,https://aware.essentialmeds.org/list,2026-07-13T20:36:00.231771+00:00
Sulfamoxole + trimethoprim,sulfamoxole + trimethoprim,Access,True,True,https://list.essentialmeds.org/medicines/781,WHO AWaRe Antibiotics Portal,https://aware.essentialmeds.org/list,2026-07-13T20:36:00.232363+00:00
Sulfanilamide,sulfanilamide,Access,True,True,https://list.essentialmeds.org/medicines/856,WHO AWaRe Antibiotics Portal,https://aware.essentialmeds.org/list,2026-07-13T20:36:00.232942+00:00
Sulfaperin,sulfaperin,Access,True,True,https://list.essentialmeds.org/medicines/857,WHO AWaRe Antibiotics Portal,https://aware.essentialmeds.org/list,2026-07-13T20:36:00.233499+00:00
Sulfaphenazole,sulfaphenazole,Access,True,True,https://list.essentialmeds.org/medicines/858,WHO AWaRe Antibiotics Portal,https://aware.essentialmeds.org/list,2026-07-13T20:36:00.234067+00:00
Sulfapyridine,sulfapyridine,Access,True,True,https://list.essentialmeds.org/medicines/859,WHO AWaRe Antibiotics Portal,https://aware.essentialmeds.org/list,2026-07-13T20:36:00.234642+00:00
Sulfathiazole,sulfathiazole,Access,True,True,https://list.essentialmeds.org/medicines/860,WHO AWaRe Antibiotics Portal,https://aware.essentialmeds.org/list,2026-07-13T20:36:00.235238+00:00
Sulfathiourea,sulfathiourea,Access,True,True,https://list.essentialmeds.org/medicines/861,WHO AWaRe Antibiotics Portal,https://aware.essentialmeds.org/list,2026-07-13T20:36:00.235782+00:00
Sultamicillin,sultamicillin,Access,True,True,https://list.essentialmeds.org/medicines/782,WHO AWaRe Antibiotics Portal,https://aware.essentialmeds.org/list,2026-07-13T20:36:00.236858+00:00
Talampicillin,talampicillin,Access,True,True,https://list.essentialmeds.org/medicines/862,WHO AWaRe Antibiotics Portal,https://aware.essentialmeds.org/list,2026-07-13T20:36:00.237415+00:00
Tetracycline,tetracycline,Access,True,True,https://list.essentialmeds.org/medicines/232,WHO AWaRe Antibiotics Portal,https://aware.essentialmeds.org/list,2026-07-13T20:36:00.241655+00:00
Thiamphenicol,thiamphenicol,Access,True,True,https://list.essentialmeds.org/medicines/789,WHO AWaRe Antibiotics Portal,https://aware.essentialmeds.org/list,2026-07-13T20:36:00.243087+00:00
Tinidazole (injection),tinidazole injection,Access,True,True,https://list.essentialmeds.org/medicines/865,WHO AWaRe Antibiotics Portal,https://aware.essentialmeds.org/list,2026-07-13T20:36:00.244721+00:00
Tinidazole (oral),tinidazole oral,Access,True,True,https://list.essentialmeds.org/medicines/866,WHO AWaRe Antibiotics Portal,https://aware.essentialmeds.org/list,2026-07-13T20:36:00.245093+00:00
Trimethoprim,trimethoprim,Access,False,False,https://list.essentialmeds.org/medicines/599,WHO AWaRe Antibiotics Portal,https://aware.essentialmeds.org/list,2026-07-13T20:36:00.246338+00:00
Acetylspiramycin + metronidazole,acetylspiramycin + metronidazole,Not recommended,True,True,https://list.essentialmeds.org/medicines/1003,WHO AWaRe Antibiotics Portal,https://aware.essentialmeds.org/list,2026-07-13T20:35:59.085608+00:00
Amikacin + cefepime,amikacin + cefepime,Not recommended,True,True,https://list.essentialmeds.org/medicines/1002,WHO AWaRe Antibiotics Portal,https://aware.essentialmeds.org/list,2026-07-13T20:35:59.107761+00:00
Amoxicillin + bacillus coagulans + cloxacillin,amoxicillin + bacillus coagulans + cloxacillin,Not recommended,True,True,https://list.essentialmeds.org/medicines/1004,WHO AWaRe Antibiotics Portal,https://aware.essentialmeds.org/list,2026-07-13T20:35:59.133143+00:00
Amoxicillin + bacillus coagulans + dicloxacillin,amoxicillin + bacillus coagulans + dicloxacillin,Not recommended,True,True,https://list.essentialmeds.org/medicines/1005,WHO AWaRe Antibiotics Portal,https://aware.essentialmeds.org/list,2026-07-13T20:35:59.138865+00:00
Amoxicillin + clavulanic acid + lactic ferments,amoxicillin + clavulanic acid + lactic ferments,Not recommended,True,True,https://list.essentialmeds.org/medicines/1006,WHO AWaRe Antibiotics Portal,https://aware.essentialmeds.org/list,2026-07-13T20:35:59.160317+00:00
Amoxicillin + clavulanic acid + lactobacillus acidophilus,amoxicillin + clavulanic acid + lactobacillus acidophilus,Not recommended,True,True,https://list.essentialmeds.org/medicines/1007,WHO AWaRe Antibiotics Portal,https://aware.essentialmeds.org/list,2026-07-13T20:35:59.166186+00:00
Amoxicillin + clavulanic acid + nimesulide,amoxicillin + clavulanic acid + nimesulide,Not recommended,True,True,https://list.essentialmeds.org/medicines/1008,WHO AWaRe Antibiotics Portal,https://aware.essentialmeds.org/list,2026-07-13T20:35:59.171201+00:00
Amoxicillin + cloxacillin,amoxicillin + cloxacillin,Not recommended,True,True,https://list.essentialmeds.org/medicines/1009,WHO AWaRe Antibiotics Portal,https://aware.essentialmeds.org/list,2026-07-13T20:35:59.176002+00:00
Amoxicillin + cloxacillin + lactic acid,amoxicillin + cloxacillin + lactic acid,Not recommended,True,True,https://list.essentialmeds.org/medicines/1010,WHO AWaRe Antibiotics Portal,https://aware.essentialmeds.org/list,2026-07-13T20:35:59.180721+00:00
Amoxicillin + cloxacillin + lactobacillus acidophilus + serrapeptase,amoxicillin + cloxacillin + lactobacillus acidophilus + serrapeptase,Not recommended,True,True,https://list.essentialmeds.org/medicines/1011,WHO AWaRe Antibiotics Portal,https://aware.essentialmeds.org/list,2026-07-13T20:35:59.185599+00:00
Amoxicillin + cloxacillin + lactobacillus lactis,amoxicillin + cloxacillin + lactobacillus lactis,Not recommended,True,True,https://list.essentialmeds.org/medicines/1012,WHO AWaRe Antibiotics Portal,https://aware.essentialmeds.org/list,2026-07-13T20:35:59.190280+00:00
Amoxicillin + cloxacillin + serrapeptase,amoxicillin + cloxacillin + serrapeptase,Not recommended,True,True,https://list.essentialmeds.org/medicines/1013,WHO AWaRe Antibiotics Portal,https://aware.essentialmeds.org/list,2026-07-13T20:35:59.195039+00:00
Amoxicillin + dicloxacillin,amoxicillin + dicloxacillin,Not recommended,True,True,https://list.essentialmeds.org/medicines/1014,WHO AWaRe Antibiotics Portal,https://aware.essentialmeds.org/list,2026-07-13T20:35:59.199776+00:00
Amoxicillin + dicloxacillin + saccharomyces boulardii,amoxicillin + dicloxacillin + saccharomyces boulardii,Not recommended,True,True,https://list.essentialmeds.org/medicines/1015,WHO AWaRe Antibiotics Portal,https://aware.essentialmeds.org/list,2026-07-13T20:35:59.204546+00:00
Amoxicillin + flucloxacillin,amoxicillin + flucloxacillin,Not recommended,True,True,https://list.essentialmeds.org/medicines/1016,WHO AWaRe Antibiotics Portal,https://aware.essentialmeds.org/list,2026-07-13T20:35:59.209040+00:00
Amoxicillin + flucloxacillin + lactobacillus acidophilus,amoxicillin + flucloxacillin + lactobacillus acidophilus,Not recommended,True,True,https://list.essentialmeds.org/medicines/1017,WHO AWaRe Antibiotics Portal,https://aware.essentialmeds.org/list,2026-07-13T20:35:59.213726+00:00
Amoxicillin + metronidazole,amoxicillin + metronidazole,Not recommended,True,True,https://list.essentialmeds.org/medicines/1018,WHO AWaRe Antibiotics Portal,https://aware.essentialmeds.org/list,2026-07-13T20:35:59.218260+00:00
Amoxicillin + pivsulbactam,amoxicillin + pivsulbactam,Not recommended,True,True,https://list.essentialmeds.org/medicines/1019,WHO AWaRe Antibiotics Portal,https://aware.essentialmeds.org/list,2026-07-13T20:35:59.222750+00:00
Ampicillin + cloxacillin,ampicillin + cloxacillin,Not recommended,True,True,https://list.essentialmeds.org/medicines/1021,WHO AWaRe Antibiotics Portal,https://aware.essentialmeds.org/list,2026-07-13T20:35:59.245092+00:00
Ampicillin + cloxacillin + saccharomyces boulardii,ampicillin + cloxacillin + saccharomyces boulardii,Not recommended,True,True,https://list.essentialmeds.org/medicines/1023,WHO AWaRe Antibiotics Portal,https://aware.essentialmeds.org/list,2026-07-13T20:35:59.253952+00:00
Ampicillin + cloxacillin+ lactobacillus acidophilus,ampicillin + cloxacillin+ lactobacillus acidophilus,Not recommended,True,True,https://list.essentialmeds.org/medicines/1022,WHO AWaRe Antibiotics Portal,https://aware.essentialmeds.org/list,2026-07-13T20:35:59.249433+00:00
Ampicillin + dicloxacillin,ampicillin + dicloxacillin,Not recommended,True,True,https://list.essentialmeds.org/medicines/1024,WHO AWaRe Antibiotics Portal,https://aware.essentialmeds.org/list,2026-07-13T20:35:59.258311+00:00
Ampicillin + dicloxacillin + lactobacillus acidophilus,ampicillin + dicloxacillin + lactobacillus acidophilus,Not recommended,True,True,https://list.essentialmeds.org/medicines/1025,WHO AWaRe Antibiotics Portal,https://aware.essentialmeds.org/list,2026-07-13T20:35:59.262692+00:00
Ampicillin + flucloxacillin,ampicillin + flucloxacillin,Not recommended,True,True,https://list.essentialmeds.org/medicines/1026,WHO AWaRe Antibiotics Portal,https://aware.essentialmeds.org/list,2026-07-13T20:35:59.267649+00:00
Ampicillin + oxacillin,ampicillin + oxacillin,Not recommended,True,True,https://list.essentialmeds.org/medicines/1028,WHO AWaRe Antibiotics Portal,https://aware.essentialmeds.org/list,2026-07-13T20:35:59.272132+00:00
Ampicillin + sultamicillin,ampicillin + sultamicillin,Not recommended,True,True,https://list.essentialmeds.org/medicines/1029,WHO AWaRe Antibiotics Portal,https://aware.essentialmeds.org/list,2026-07-13T20:35:59.281264+00:00
Ascorbic acid + metamizole sodium + benzylpenicillin + streptomycin,ascorbic acid + metamizole sodium + benzylpenicillin + streptomycin,Not recommended,True,True,https://list.essentialmeds.org/medicines/1030,WHO AWaRe Antibiotics Portal,https://aware.essentialmeds.org/list,2026-07-13T20:35:59.290135+00:00
AWaRe group,aware group,Not recommended,True,True,,WHO AWaRe Antibiotics Portal,https://aware.essentialmeds.org/list,2026-07-13T20:35:59.080074+00:00
Azithromycin + cefixime,azithromycin + cefixime,Not recommended,True,True,https://list.essentialmeds.org/medicines/1031,WHO AWaRe Antibiotics Portal,https://aware.essentialmeds.org/list,2026-07-13T20:35:59.325015+00:00
Azithromycin + cefixime + lactobacillus acidophilus,azithromycin + cefixime + lactobacillus acidophilus,Not recommended,True,True,https://list.essentialmeds.org/medicines/1032,WHO AWaRe Antibiotics Portal,https://aware.essentialmeds.org/list,2026-07-13T20:35:59.329671+00:00
Azithromycin + cefpodoxime proxetil,azithromycin + cefpodoxime proxetil,Not recommended,True,True,https://list.essentialmeds.org/medicines/1033,WHO AWaRe Antibiotics Portal,https://aware.essentialmeds.org/list,2026-07-13T20:35:59.334549+00:00
Azithromycin + fluconazole + secnidazole,azithromycin + fluconazole + secnidazole,Not recommended,True,True,https://list.essentialmeds.org/medicines/1034,WHO AWaRe Antibiotics Portal,https://aware.essentialmeds.org/list,2026-07-13T20:35:59.339425+00:00
Azithromycin + levofloxacin,azithromycin + levofloxacin,Not recommended,True,True,https://list.essentialmeds.org/medicines/1035,WHO AWaRe Antibiotics Portal,https://aware.essentialmeds.org/list,2026-07-13T20:35:59.343871+00:00
Azithromycin + ofloxacin,azithromycin + ofloxacin,Not recommended,True,True,https://list.essentialmeds.org/medicines/1036,WHO AWaRe Antibiotics Portal,https://aware.essentialmeds.org/list,2026-07-13T20:35:59.348421+00:00
Benzylpenicillin + procaine benzylpenicillin + benzathine benzylpenicillin,benzylpenicillin + procaine benzylpenicillin + benzathine benzylpenicillin,Not recommended,True,True,https://list.essentialmeds.org/medicines/1038,WHO AWaRe Antibiotics Portal,https://aware.essentialmeds.org/list,2026-07-13T20:35:59.402286+00:00
Benzylpenicillin + streptomycin,benzylpenicillin + streptomycin,Not recommended,True,True,https://list.essentialmeds.org/medicines/1037,WHO AWaRe Antibiotics Portal,https://aware.essentialmeds.org/list,2026-07-13T20:35:59.406680+00:00
Bromelains + doxycycline + lactobacillus reuteri + lactobacillus rhamnosus + ornidazole,bromelains + doxycycline + lactobacillus reuteri + lactobacillus rhamnosus + ornidazole,Not recommended,True,True,https://list.essentialmeds.org/medicines/1039,WHO AWaRe Antibiotics Portal,https://aware.essentialmeds.org/list,2026-07-13T20:35:59.419326+00:00
Bromhexine + sulfamethoxazole + trimethoprim,bromhexine + sulfamethoxazole + trimethoprim,Not recommended,True,True,https://list.essentialmeds.org/medicines/1040,WHO AWaRe Antibiotics Portal,https://aware.essentialmeds.org/list,2026-07-13T20:35:59.423595+00:00
Cefaclor + clavulanic acid,cefaclor + clavulanic acid,Not recommended,True,True,https://list.essentialmeds.org/medicines/1041,WHO AWaRe Antibiotics Portal,https://aware.essentialmeds.org/list,2026-07-13T20:35:59.453838+00:00
Cefadroxil + clavulanic acid,cefadroxil + clavulanic acid,Not recommended,True,True,https://list.essentialmeds.org/medicines/1042,WHO AWaRe Antibiotics Portal,https://aware.essentialmeds.org/list,2026-07-13T20:35:59.462051+00:00
Cefadroxil + trimethoprim,cefadroxil + trimethoprim,Not recommended,True,True,https://list.essentialmeds.org/medicines/1043,WHO AWaRe Antibiotics Portal,https://aware.essentialmeds.org/list,2026-07-13T20:35:59.466101+00:00
Cefalexin + trimethoprim,cefalexin + trimethoprim,Not recommended,True,True,https://list.essentialmeds.org/medicines/1044,WHO AWaRe Antibiotics Portal,https://aware.essentialmeds.org/list,2026-07-13T20:35:59.481902+00:00
Cefdinir + clavulanic acid,cefdinir + clavulanic acid,Not recommended,True,True,https://list.essentialmeds.org/medicines/1045,WHO AWaRe Antibiotics Portal,https://aware.essentialmeds.org/list,2026-07-13T20:35:59.532348+00:00
Cefepime + sulbactam,cefepime + sulbactam,Not recommended,True,True,https://list.essentialmeds.org/medicines/1046,WHO AWaRe Antibiotics Portal,https://aware.essentialmeds.org/list,2026-07-13T20:35:59.544157+00:00
Cefepime + tazobactam,cefepime + tazobactam,Not recommended,True,True,https://list.essentialmeds.org/medicines/1047,WHO AWaRe Antibiotics Portal,https://aware.essentialmeds.org/list,2026-07-13T20:35:59.548017+00:00
Cefixime + cefpodoxime proxetil,cefixime + cefpodoxime proxetil,Not recommended,True,True,https://list.essentialmeds.org/medicines/1048,WHO AWaRe Antibiotics Portal,https://aware.essentialmeds.org/list,2026-07-13T20:35:59.567572+00:00
Cefixime + clavulanic acid,cefixime + clavulanic acid,Not recommended,True,True,https://list.essentialmeds.org/medicines/1049,WHO AWaRe Antibiotics Portal,https://aware.essentialmeds.org/list,2026-07-13T20:35:59.571381+00:00
Cefixime + clavulanic acid + lactobacillus acidophilus,cefixime + clavulanic acid + lactobacillus acidophilus,Not recommended,True,True,https://list.essentialmeds.org/medicines/1050,WHO AWaRe Antibiotics Portal,https://aware.essentialmeds.org/list,2026-07-13T20:35:59.575199+00:00
Cefixime + cloxacillin,cefixime + cloxacillin,Not recommended,True,True,https://list.essentialmeds.org/medicines/1051,WHO AWaRe Antibiotics Portal,https://aware.essentialmeds.org/list,2026-07-13T20:35:59.578775+00:00
Cefixime + cloxacillin + lactobacillus acidophilus,cefixime + cloxacillin + lactobacillus acidophilus,Not recommended,True,True,https://list.essentialmeds.org/medicines/1052,WHO AWaRe Antibiotics Portal,https://aware.essentialmeds.org/list,2026-07-13T20:35:59.582349+00:00
Cefixime + dicloxacillin,cefixime + dicloxacillin,Not recommended,True,True,https://list.essentialmeds.org/medicines/1053,WHO AWaRe Antibiotics Portal,https://aware.essentialmeds.org/list,2026-07-13T20:35:59.586003+00:00
Cefixime + lactobacillus acidophilus + ofloxacin,cefixime + lactobacillus acidophilus + ofloxacin,Not recommended,True,True,https://list.essentialmeds.org/medicines/1054,WHO AWaRe Antibiotics Portal,https://aware.essentialmeds.org/list,2026-07-13T20:35:59.589822+00:00
Cefixime + levofloxacin,cefixime + levofloxacin,Not recommended,True,True,https://list.essentialmeds.org/medicines/1055,WHO AWaRe Antibiotics Portal,https://aware.essentialmeds.org/list,2026-07-13T20:35:59.593392+00:00
Cefixime + linezolid,cefixime + linezolid,Not recommended,True,True,https://list.essentialmeds.org/medicines/1056,WHO AWaRe Antibiotics Portal,https://aware.essentialmeds.org/list,2026-07-13T20:35:59.597021+00:00
Cefixime + moxifloxacin,cefixime + moxifloxacin,Not recommended,True,True,https://list.essentialmeds.org/medicines/1057,WHO AWaRe Antibiotics Portal,https://aware.essentialmeds.org/list,2026-07-13T20:35:59.600664+00:00
Cefixime + ofloxacin,cefixime + ofloxacin,Not recommended,True,True,https://list.essentialmeds.org/medicines/1058,WHO AWaRe Antibiotics Portal,https://aware.essentialmeds.org/list,2026-07-13T20:35:59.604191+00:00
Cefixime + ornidazole,cefixime + ornidazole,Not recommended,True,True,https://list.essentialmeds.org/medicines/1059,WHO AWaRe Antibiotics Portal,https://aware.essentialmeds.org/list,2026-07-13T20:35:59.607795+00:00
Cefoperazone + sulbactam,cefoperazone + sulbactam,Not recommended,True,True,https://list.essentialmeds.org/medicines/1060,WHO AWaRe Antibiotics Portal,https://aware.essentialmeds.org/list,2026-07-13T20:35:59.632338+00:00
Cefoperazone + tazobactam,cefoperazone + tazobactam,Not recommended,True,True,https://list.essentialmeds.org/medicines/1061,WHO AWaRe Antibiotics Portal,https://aware.essentialmeds.org/list,2026-07-13T20:35:59.635768+00:00
Cefotaxime + sulbactam,cefotaxime + sulbactam,Not recommended,True,True,https://list.essentialmeds.org/medicines/1062,WHO AWaRe Antibiotics Portal,https://aware.essentialmeds.org/list,2026-07-13T20:35:59.657404+00:00
Cefpodoxime proxetil + clavulanic acid,cefpodoxime proxetil + clavulanic acid,Not recommended,True,True,https://list.essentialmeds.org/medicines/1063,WHO AWaRe Antibiotics Portal,https://aware.essentialmeds.org/list,2026-07-13T20:35:59.685018+00:00
Cefpodoxime proxetil + cloxacillin + lactobacillus acidophilus,cefpodoxime proxetil + cloxacillin + lactobacillus acidophilus,Not recommended,True,True,https://list.essentialmeds.org/medicines/1064,WHO AWaRe Antibiotics Portal,https://aware.essentialmeds.org/list,2026-07-13T20:35:59.688323+00:00
Cefpodoxime proxetil + dicloxacillin,cefpodoxime proxetil + dicloxacillin,Not recommended,True,True,https://list.essentialmeds.org/medicines/1065,WHO AWaRe Antibiotics Portal,https://aware.essentialmeds.org/list,2026-07-13T20:35:59.691618+00:00
Cefpodoxime proxetil + dicloxacillin + lactobacillus acidophilus,cefpodoxime proxetil + dicloxacillin + lactobacillus acidophilus,Not recommended,True,True,https://list.essentialmeds.org/medicines/1066,WHO AWaRe Antibiotics Portal,https://aware.essentialmeds.org/list,2026-07-13T20:35:59.694923+00:00
Cefpodoxime proxetil + levofloxacin,cefpodoxime proxetil + levofloxacin,Not recommended,True,True,https://list.essentialmeds.org/medicines/1067,WHO AWaRe Antibiotics Portal,https://aware.essentialmeds.org/list,2026-07-13T20:35:59.698147+00:00
Cefpodoxime proxetil + ofloxacin,cefpodoxime proxetil + ofloxacin,Not recommended,True,True,https://list.essentialmeds.org/medicines/1068,WHO AWaRe Antibiotics Portal,https://aware.essentialmeds.org/list,2026-07-13T20:35:59.702076+00:00
Cefpodoxime proxetil + sulbactam,cefpodoxime proxetil + sulbactam,Not recommended,True,True,https://list.essentialmeds.org/medicines/1069,WHO AWaRe Antibiotics Portal,https://aware.essentialmeds.org/list,2026-07-13T20:35:59.705513+00:00
Ceftazidime + sulbactam,ceftazidime + sulbactam,Not recommended,True,True,https://list.essentialmeds.org/medicines/1070,WHO AWaRe Antibiotics Portal,https://aware.essentialmeds.org/list,2026-07-13T20:35:59.736014+00:00
Ceftazidime + tazobactam,ceftazidime + tazobactam,Not recommended,True,True,https://list.essentialmeds.org/medicines/1071,WHO AWaRe Antibiotics Portal,https://aware.essentialmeds.org/list,2026-07-13T20:35:59.739220+00:00
Ceftibuten + clavulanic acid,ceftibuten + clavulanic acid,Not recommended,True,True,https://list.essentialmeds.org/medicines/1073,WHO AWaRe Antibiotics Portal,https://aware.essentialmeds.org/list,2026-07-13T20:35:59.752227+00:00
Ceftriaxone + sulbactam,ceftriaxone + sulbactam,Not recommended,True,True,https://list.essentialmeds.org/medicines/1074,WHO AWaRe Antibiotics Portal,https://aware.essentialmeds.org/list,2026-07-13T20:35:59.775741+00:00
Ceftriaxone + tazobactam,ceftriaxone + tazobactam,Not recommended,True,True,https://list.essentialmeds.org/medicines/1075,WHO AWaRe Antibiotics Portal,https://aware.essentialmeds.org/list,2026-07-13T20:35:59.778823+00:00
Ceftriaxone + vancomycin,ceftriaxone + vancomycin,Not recommended,True,True,https://list.essentialmeds.org/medicines/1076,WHO AWaRe Antibiotics Portal,https://aware.essentialmeds.org/list,2026-07-13T20:35:59.781996+00:00
Cefuroxime + clavulanic acid,cefuroxime + clavulanic acid,Not recommended,True,True,https://list.essentialmeds.org/medicines/1080,WHO AWaRe Antibiotics Portal,https://aware.essentialmeds.org/list,2026-07-13T20:35:59.791533+00:00
Cefuroxime + metronidazole,cefuroxime + metronidazole,Not recommended,True,True,https://list.essentialmeds.org/medicines/1081,WHO AWaRe Antibiotics Portal,https://aware.essentialmeds.org/list,2026-07-13T20:35:59.794815+00:00
Cefuroxime axetil + linezolid,cefuroxime axetil + linezolid,Not recommended,True,True,https://list.essentialmeds.org/medicines/1078,WHO AWaRe Antibiotics Portal,https://aware.essentialmeds.org/list,2026-07-13T20:35:59.797933+00:00
Chloramphenicol + tetracycline,chloramphenicol + tetracycline,Not recommended,True,True,https://list.essentialmeds.org/medicines/1082,WHO AWaRe Antibiotics Portal,https://aware.essentialmeds.org/list,2026-07-13T20:35:59.807344+00:00
Ciprofloxacin + metronidazole,ciprofloxacin + metronidazole,Not recommended,True,True,https://list.essentialmeds.org/medicines/1083,WHO AWaRe Antibiotics Portal,https://aware.essentialmeds.org/list,2026-07-13T20:35:59.825697+00:00
Ciprofloxacin + ornidazole,ciprofloxacin + ornidazole,Not recommended,True,True,https://list.essentialmeds.org/medicines/1084,WHO AWaRe Antibiotics Portal,https://aware.essentialmeds.org/list,2026-07-13T20:35:59.828809+00:00
Ciprofloxacin + tinidazole,ciprofloxacin + tinidazole,Not recommended,True,True,https://list.essentialmeds.org/medicines/1085,WHO AWaRe Antibiotics Portal,https://aware.essentialmeds.org/list,2026-07-13T20:35:59.832099+00:00
Doxycycline + tinidazole,doxycycline + tinidazole,Not recommended,True,True,https://list.essentialmeds.org/medicines/1086,WHO AWaRe Antibiotics Portal,https://aware.essentialmeds.org/list,2026-07-13T20:35:59.910379+00:00
Erythromycin + sulfamethoxazole + trimethoprim,erythromycin + sulfamethoxazole + trimethoprim,Not recommended,True,True,https://list.essentialmeds.org/medicines/1087,WHO AWaRe Antibiotics Portal,https://aware.essentialmeds.org/list,2026-07-13T20:35:59.926898+00:00
Erythromycin + trimethoprim,erythromycin + trimethoprim,Not recommended,True,True,https://list.essentialmeds.org/medicines/1088,WHO AWaRe Antibiotics Portal,https://aware.essentialmeds.org/list,2026-07-13T20:35:59.929517+00:00
First choice,first choice,Not recommended,True,True,https://list.essentialmeds.org/recommendations/652,WHO AWaRe Antibiotics Portal,https://aware.essentialmeds.org/list,2026-07-13T20:35:59.101232+00:00
Fosfomycin + trimethoprim,fosfomycin + trimethoprim,Not recommended,True,True,https://list.essentialmeds.org/medicines/1089,WHO AWaRe Antibiotics Portal,https://aware.essentialmeds.org/list,2026-07-13T20:35:59.955551+00:00
Gatifloxacin + ornidazole,gatifloxacin + ornidazole,Not recommended,True,True,https://list.essentialmeds.org/medicines/1090,WHO AWaRe Antibiotics Portal,https://aware.essentialmeds.org/list,2026-07-13T20:35:59.967851+00:00
Kanamycin + benzylpenicillin,kanamycin + benzylpenicillin,Not recommended,True,True,https://list.essentialmeds.org/medicines/1091,WHO AWaRe Antibiotics Portal,https://aware.essentialmeds.org/list,2026-07-13T20:36:00.006636+00:00
Levofloxacin + metronidazole,levofloxacin + metronidazole,Not recommended,True,True,https://list.essentialmeds.org/medicines/1092,WHO AWaRe Antibiotics Portal,https://aware.essentialmeds.org/list,2026-07-13T20:36:00.021616+00:00
Levofloxacin + ornidazole,levofloxacin + ornidazole,Not recommended,True,True,https://list.essentialmeds.org/medicines/1093,WHO AWaRe Antibiotics Portal,https://aware.essentialmeds.org/list,2026-07-13T20:36:00.024058+00:00
Meropenem + sulbactam,meropenem + sulbactam,Not recommended,True,True,https://list.essentialmeds.org/medicines/1094,WHO AWaRe Antibiotics Portal,https://aware.essentialmeds.org/list,2026-07-13T20:36:00.047417+00:00
Metronidazole + diloxanide,metronidazole + diloxanide,Not recommended,True,True,https://list.essentialmeds.org/medicines/1095,WHO AWaRe Antibiotics Portal,https://aware.essentialmeds.org/list,2026-07-13T20:36:00.063717+00:00
Metronidazole + furazolidone,metronidazole + furazolidone,Not recommended,True,True,https://list.essentialmeds.org/medicines/1096,WHO AWaRe Antibiotics Portal,https://aware.essentialmeds.org/list,2026-07-13T20:36:00.065731+00:00
Metronidazole + norfloxacin,metronidazole + norfloxacin,Not recommended,True,True,https://list.essentialmeds.org/medicines/1097,WHO AWaRe Antibiotics Portal,https://aware.essentialmeds.org/list,2026-07-13T20:36:00.067835+00:00
Metronidazole + spiramycin,metronidazole + spiramycin,Not recommended,True,True,https://list.essentialmeds.org/medicines/1098,WHO AWaRe Antibiotics Portal,https://aware.essentialmeds.org/list,2026-07-13T20:36:00.069806+00:00
Metronidazole + tetracycline,metronidazole + tetracycline,Not recommended,True,True,https://list.essentialmeds.org/medicines/1099,WHO AWaRe Antibiotics Portal,https://aware.essentialmeds.org/list,2026-07-13T20:36:00.071692+00:00
Mezlocillin + sulbactam,mezlocillin + sulbactam,Not recommended,True,True,https://list.essentialmeds.org/medicines/1100,WHO AWaRe Antibiotics Portal,https://aware.essentialmeds.org/list,2026-07-13T20:36:00.075411+00:00
Norfloxacin + tinidazole,norfloxacin + tinidazole,Not recommended,True,True,https://list.essentialmeds.org/medicines/1101,WHO AWaRe Antibiotics Portal,https://aware.essentialmeds.org/list,2026-07-13T20:36:00.131973+00:00
Ofloxacin + nitazoxanide,ofloxacin + nitazoxanide,Not recommended,True,True,https://list.essentialmeds.org/medicines/1102,WHO AWaRe Antibiotics Portal,https://aware.essentialmeds.org/list,2026-07-13T20:36:00.135722+00:00
Ofloxacin + ornidazole,ofloxacin + ornidazole,Not recommended,True,True,https://list.essentialmeds.org/medicines/1103,WHO AWaRe Antibiotics Portal,https://aware.essentialmeds.org/list,2026-07-13T20:36:00.138094+00:00
Ofloxacin + tinidazole,ofloxacin + tinidazole,Not recommended,True,True,https://list.essentialmeds.org/medicines/1104,WHO AWaRe Antibiotics Portal,https://aware.essentialmeds.org/list,2026-07-13T20:36:00.140043+00:00
Oleandomycin + tetracycline,oleandomycin + tetracycline,Not recommended,True,True,https://list.essentialmeds.org/medicines/1105,WHO AWaRe Antibiotics Portal,https://aware.essentialmeds.org/list,2026-07-13T20:36:00.144093+00:00
Piperacillin + sulbactam,piperacillin + sulbactam,Not recommended,True,True,https://list.essentialmeds.org/medicines/1106,WHO AWaRe Antibiotics Portal,https://aware.essentialmeds.org/list,2026-07-13T20:36:00.172280+00:00
Pivampicillin + pivmecillinam,pivampicillin + pivmecillinam,Not recommended,True,True,https://list.essentialmeds.org/medicines/1107,WHO AWaRe Antibiotics Portal,https://aware.essentialmeds.org/list,2026-07-13T20:36:00.179114+00:00
Second choice,second choice,Not recommended,True,True,https://list.essentialmeds.org/recommendations/534,WHO AWaRe Antibiotics Portal,https://aware.essentialmeds.org/list,2026-07-13T20:35:59.127192+00:00
Sulfacarbamide + sulfadiazine + sulfadimidine,sulfacarbamide + sulfadiazine + sulfadimidine,Not recommended,True,True,https://list.essentialmeds.org/medicines/1109,WHO AWaRe Antibiotics Portal,https://aware.essentialmeds.org/list,2026-07-13T20:36:00.215111+00:00
Sulfadiazine + sulfamethoxazole + trimethoprim,sulfadiazine + sulfamethoxazole + trimethoprim,Not recommended,True,True,https://list.essentialmeds.org/medicines/1110,WHO AWaRe Antibiotics Portal,https://aware.essentialmeds.org/list,2026-07-13T20:36:00.217074+00:00
Sulfonamide combinations (excl trimethoprim),sulfonamide combinations excl trimethoprim,Not recommended,True,True,https://list.essentialmeds.org/medicines/1111,WHO AWaRe Antibiotics Portal,https://aware.essentialmeds.org/list,2026-07-13T20:36:00.236347+00:00
Tetracycline + chlortetracycline + demeclocycline,tetracycline + chlortetracycline + demeclocycline,Not recommended,True,True,https://list.essentialmeds.org/medicines/1112,WHO AWaRe Antibiotics Portal,https://aware.essentialmeds.org/list,2026-07-13T20:36:00.242181+00:00
Tetracycline + nystatin,tetracycline + nystatin,Not recommended,True,True,https://list.essentialmeds.org/medicines/1113,WHO AWaRe Antibiotics Portal,https://aware.essentialmeds.org/list,2026-07-13T20:36:00.242604+00:00
Tinidazole + diloxanide,tinidazole + diloxanide,Not recommended,True,True,https://list.essentialmeds.org/medicines/1114,WHO AWaRe Antibiotics Portal,https://aware.essentialmeds.org/list,2026-07-13T20:36:00.245449+00:00
Aztreonam,aztreonam,Reserve,True,True,https://list.essentialmeds.org/medicines/337,WHO AWaRe Antibiotics Portal,https://aware.essentialmeds.org/list,2026-07-13T20:35:59.357477+00:00
Aztreonam + avibactam,aztreonam + avibactam,Reserve,True,True,https://list.essentialmeds.org/medicines/982,WHO AWaRe Antibiotics Portal,https://aware.essentialmeds.org/list,2026-07-13T20:35:59.362227+00:00
Carumonam,carumonam,Reserve,True,True,https://list.essentialmeds.org/medicines/797,WHO AWaRe Antibiotics Portal,https://aware.essentialmeds.org/list,2026-07-13T20:35:59.440856+00:00
Cefiderocol,cefiderocol,Reserve,False,False,https://list.essentialmeds.org/medicines/611,WHO AWaRe Antibiotics Portal,https://aware.essentialmeds.org/list,2026-07-13T20:35:59.555578+00:00
Ceftaroline,ceftaroline,Reserve,True,True,https://list.essentialmeds.org/medicines/340,WHO AWaRe Antibiotics Portal,https://aware.essentialmeds.org/list,2026-07-13T20:35:59.722413+00:00
Ceftazidime + avibactam,ceftazidime + avibactam,Reserve,True,True,https://list.essentialmeds.org/medicines/395,WHO AWaRe Antibiotics Portal,https://aware.essentialmeds.org/list,2026-07-13T20:35:59.732328+00:00
Ceftobiprole,ceftobiprole,Reserve,True,True,https://list.essentialmeds.org/medicines/718,WHO AWaRe Antibiotics Portal,https://aware.essentialmeds.org/list,2026-07-13T20:35:59.758509+00:00
Ceftolozane + tazobactam,ceftolozane + tazobactam,Reserve,False,False,https://list.essentialmeds.org/medicines/398,WHO AWaRe Antibiotics Portal,https://aware.essentialmeds.org/list,2026-07-13T20:35:59.761841+00:00
Colistin (injection),colistin injection,Reserve,True,True,https://list.essentialmeds.org/medicines/348,WHO AWaRe Antibiotics Portal,https://aware.essentialmeds.org/list,2026-07-13T20:35:59.870293+00:00
Colistin (oral),colistin oral,Reserve,True,True,https://list.essentialmeds.org/medicines/802,WHO AWaRe Antibiotics Portal,https://aware.essentialmeds.org/list,2026-07-13T20:35:59.873092+00:00
Dalbavancin,dalbavancin,Reserve,True,True,https://list.essentialmeds.org/medicines/721,WHO AWaRe Antibiotics Portal,https://aware.essentialmeds.org/list,2026-07-13T20:35:59.876489+00:00
Dalfopristin + quinupristin,dalfopristin + quinupristin,Reserve,True,True,https://list.essentialmeds.org/medicines/722,WHO AWaRe Antibiotics Portal,https://aware.essentialmeds.org/list,2026-07-13T20:35:59.879833+00:00
Daptomycin,daptomycin,Reserve,True,True,https://list.essentialmeds.org/medicines/342,WHO AWaRe Antibiotics Portal,https://aware.essentialmeds.org/list,2026-07-13T20:35:59.882635+00:00
Eravacycline,eravacycline,Reserve,True,True,https://list.essentialmeds.org/medicines/402,WHO AWaRe Antibiotics Portal,https://aware.essentialmeds.org/list,2026-07-13T20:35:59.918464+00:00
Faropenem,faropenem,Reserve,True,True,https://list.essentialmeds.org/medicines/729,WHO AWaRe Antibiotics Portal,https://aware.essentialmeds.org/list,2026-07-13T20:35:59.932147+00:00
First choice,first choice,Reserve,False,False,https://list.essentialmeds.org/recommendations/1256,WHO AWaRe Antibiotics Portal,https://aware.essentialmeds.org/list,2026-07-13T20:35:59.728898+00:00
Fosfomycin (injection),fosfomycin injection,Reserve,True,True,https://list.essentialmeds.org/medicines/343,WHO AWaRe Antibiotics Portal,https://aware.essentialmeds.org/list,2026-07-13T20:35:59.950495+00:00
Iclaprim,iclaprim,Reserve,True,True,https://list.essentialmeds.org/medicines/810,WHO AWaRe Antibiotics Portal,https://aware.essentialmeds.org/list,2026-07-13T20:35:59.987569+00:00
Imipenem + cilastatin + relebactam,imipenem + cilastatin + relebactam,Reserve,True,True,https://list.essentialmeds.org/medicines/811,WHO AWaRe Antibiotics Portal,https://aware.essentialmeds.org/list,2026-07-13T20:35:59.992469+00:00
Lefamulin,lefamulin,Reserve,True,True,https://list.essentialmeds.org/medicines/814,WHO AWaRe Antibiotics Portal,https://aware.essentialmeds.org/list,2026-07-13T20:36:00.015150+00:00
Linezolid,linezolid,Reserve,True,True,https://list.essentialmeds.org/medicines/345,WHO AWaRe Antibiotics Portal,https://aware.essentialmeds.org/list,2026-07-13T20:36:00.030903+00:00
Meropenem + vaborbactam,meropenem + vaborbactam,Reserve,True,True,https://list.essentialmeds.org/medicines/396,WHO AWaRe Antibiotics Portal,https://aware.essentialmeds.org/list,2026-07-13T20:36:00.049461+00:00
Minocycline (injection),minocycline injection,Reserve,True,True,https://list.essentialmeds.org/medicines/750,WHO AWaRe Antibiotics Portal,https://aware.essentialmeds.org/list,2026-07-13T20:36:00.086191+00:00
Omadacycline,omadacycline,Reserve,True,True,https://list.essentialmeds.org/medicines/399,WHO AWaRe Antibiotics Portal,https://aware.essentialmeds.org/list,2026-07-13T20:36:00.145749+00:00
Oritavancin,oritavancin,Reserve,True,True,https://list.essentialmeds.org/medicines/755,WHO AWaRe Antibiotics Portal,https://aware.essentialmeds.org/list,2026-07-13T20:36:00.147302+00:00
Plazomicin,plazomicin,Reserve,False,False,https://list.essentialmeds.org/medicines/397,WHO AWaRe Antibiotics Portal,https://aware.essentialmeds.org/list,2026-07-13T20:36:00.181422+00:00
Polymyxin B (injection),polymyxin b injection,Reserve,True,True,https://list.essentialmeds.org/medicines/561,WHO AWaRe Antibiotics Portal,https://aware.essentialmeds.org/list,2026-07-13T20:36:00.182568+00:00
Polymyxin B (oral),polymyxin b oral,Reserve,True,True,https://list.essentialmeds.org/medicines/829,WHO AWaRe Antibiotics Portal,https://aware.essentialmeds.org/list,2026-07-13T20:36:00.183663+00:00
Second choice,second choice,Reserve,False,False,https://list.essentialmeds.org/recommendations/563,WHO AWaRe Antibiotics Portal,https://aware.essentialmeds.org/list,2026-07-13T20:35:59.867317+00:00
Tedizolid,tedizolid,Reserve,True,True,https://list.essentialmeds.org/medicines/784,WHO AWaRe Antibiotics Portal,https://aware.essentialmeds.org/list,2026-07-13T20:36:00.238825+00:00
Telavancin,telavancin,Reserve,True,True,https://list.essentialmeds.org/medicines/786,WHO AWaRe Antibiotics Portal,https://aware.essentialmeds.org/list,2026-07-13T20:36:00.239744+00:00
Tigecycline,tigecycline,Reserve,True,True,https://list.essentialmeds.org/medicines/346,WHO AWaRe Antibiotics Portal,https://aware.essentialmeds.org/list,2026-07-13T20:36:00.244344+00:00
Arbekacin,arbekacin,Watch,True,True,https://list.essentialmeds.org/medicines/678,WHO AWaRe Antibiotics Portal,https://aware.essentialmeds.org/list,2026-07-13T20:35:59.285561+00:00
Aspoxicillin,aspoxicillin,Watch,True,True,https://list.essentialmeds.org/medicines/792,WHO AWaRe Antibiotics Portal,https://aware.essentialmeds.org/list,2026-07-13T20:35:59.295047+00:00
Azithromycin,azithromycin,Watch,False,False,https://list.essentialmeds.org/medicines/227,WHO AWaRe Antibiotics Portal,https://aware.essentialmeds.org/list,2026-07-13T20:35:59.309278+00:00
Azlocillin,azlocillin,Watch,True,True,https://list.essentialmeds.org/medicines/679,WHO AWaRe Antibiotics Portal,https://aware.essentialmeds.org/list,2026-07-13T20:35:59.352836+00:00
Bekanamycin,bekanamycin,Watch,True,True,https://list.essentialmeds.org/medicines/794,WHO AWaRe Antibiotics Portal,https://aware.essentialmeds.org/list,2026-07-13T20:35:59.371189+00:00
Biapenem,biapenem,Watch,True,True,https://list.essentialmeds.org/medicines/681,WHO AWaRe Antibiotics Portal,https://aware.essentialmeds.org/list,2026-07-13T20:35:59.410874+00:00
Carbenicillin,carbenicillin,Watch,True,True,https://list.essentialmeds.org/medicines/682,WHO AWaRe Antibiotics Portal,https://aware.essentialmeds.org/list,2026-07-13T20:35:59.432077+00:00
Carindacillin,carindacillin,Watch,True,True,https://list.essentialmeds.org/medicines/796,WHO AWaRe Antibiotics Portal,https://aware.essentialmeds.org/list,2026-07-13T20:35:59.436494+00:00
Cefaclor,cefaclor,Watch,True,True,https://list.essentialmeds.org/medicines/684,WHO AWaRe Antibiotics Portal,https://aware.essentialmeds.org/list,2026-07-13T20:35:59.449464+00:00
Cefamandole,cefamandole,Watch,True,True,https://list.essentialmeds.org/medicines/687,WHO AWaRe Antibiotics Portal,https://aware.essentialmeds.org/list,2026-07-13T20:35:59.493629+00:00
Cefbuperazone,cefbuperazone,Watch,True,True,https://list.essentialmeds.org/medicines/691,WHO AWaRe Antibiotics Portal,https://aware.essentialmeds.org/list,2026-07-13T20:35:59.520704+00:00
Cefcapene,cefcapene,Watch,True,True,https://list.essentialmeds.org/medicines/692,WHO AWaRe Antibiotics Portal,https://aware.essentialmeds.org/list,2026-07-13T20:35:59.524523+00:00
Cefdinir,cefdinir,Watch,True,True,https://list.essentialmeds.org/medicines/693,WHO AWaRe Antibiotics Portal,https://aware.essentialmeds.org/list,2026-07-13T20:35:59.528382+00:00
Cefditoren,cefditoren,Watch,True,True,https://list.essentialmeds.org/medicines/694,WHO AWaRe Antibiotics Portal,https://aware.essentialmeds.org/list,2026-07-13T20:35:59.536247+00:00
Cefepime,cefepime,Watch,True,True,https://list.essentialmeds.org/medicines/341,WHO AWaRe Antibiotics Portal,https://aware.essentialmeds.org/list,2026-07-13T20:35:59.540133+00:00
Cefetamet,cefetamet,Watch,True,True,https://list.essentialmeds.org/medicines/695,WHO AWaRe Antibiotics Portal,https://aware.essentialmeds.org/list,2026-07-13T20:35:59.551783+00:00
Cefixime,cefixime,Watch,False,False,https://list.essentialmeds.org/medicines/307,WHO AWaRe Antibiotics Portal,https://aware.essentialmeds.org/list,2026-07-13T20:35:59.559890+00:00
Cefmenoxime,cefmenoxime,Watch,True,True,https://list.essentialmeds.org/medicines/696,WHO AWaRe Antibiotics Portal,https://aware.essentialmeds.org/list,2026-07-13T20:35:59.611240+00:00
Cefmetazole,cefmetazole,Watch,True,True,https://list.essentialmeds.org/medicines/697,WHO AWaRe Antibiotics Portal,https://aware.essentialmeds.org/list,2026-07-13T20:35:59.614716+00:00
Cefminox,cefminox,Watch,True,True,https://list.essentialmeds.org/medicines/698,WHO AWaRe Antibiotics Portal,https://aware.essentialmeds.org/list,2026-07-13T20:35:59.618239+00:00
Cefodizime,cefodizime,Watch,True,True,https://list.essentialmeds.org/medicines/699,WHO AWaRe Antibiotics Portal,https://aware.essentialmeds.org/list,2026-07-13T20:35:59.621716+00:00
Cefonicid,cefonicid,Watch,True,True,https://list.essentialmeds.org/medicines/700,WHO AWaRe Antibiotics Portal,https://aware.essentialmeds.org/list,2026-07-13T20:35:59.625222+00:00
Cefoperazone,cefoperazone,Watch,True,True,https://list.essentialmeds.org/medicines/701,WHO AWaRe Antibiotics Portal,https://aware.essentialmeds.org/list,2026-07-13T20:35:59.628824+00:00
Ceforanide,ceforanide,Watch,True,True,https://list.essentialmeds.org/medicines/702,WHO AWaRe Antibiotics Portal,https://aware.essentialmeds.org/list,2026-07-13T20:35:59.639279+00:00
Cefoselis,cefoselis,Watch,True,True,https://list.essentialmeds.org/medicines/703,WHO AWaRe Antibiotics Portal,https://aware.essentialmeds.org/list,2026-07-13T20:35:59.642949+00:00
Cefotaxime,cefotaxime,Watch,False,False,https://list.essentialmeds.org/medicines/312,WHO AWaRe Antibiotics Portal,https://aware.essentialmeds.org/list,2026-07-13T20:35:59.647021+00:00
Cefotetan,cefotetan,Watch,True,True,https://list.essentialmeds.org/medicines/704,WHO AWaRe Antibiotics Portal,https://aware.essentialmeds.org/list,2026-07-13T20:35:59.660865+00:00
Cefotiam,cefotiam,Watch,True,True,https://list.essentialmeds.org/medicines/705,WHO AWaRe Antibiotics Portal,https://aware.essentialmeds.org/list,2026-07-13T20:35:59.664491+00:00
Cefoxitin,cefoxitin,Watch,True,True,https://list.essentialmeds.org/medicines/706,WHO AWaRe Antibiotics Portal,https://aware.essentialmeds.org/list,2026-07-13T20:35:59.668122+00:00
Cefozopran,cefozopran,Watch,True,True,https://list.essentialmeds.org/medicines/707,WHO AWaRe Antibiotics Portal,https://aware.essentialmeds.org/list,2026-07-13T20:35:59.671630+00:00
Cefpiramide,cefpiramide,Watch,True,True,https://list.essentialmeds.org/medicines/708,WHO AWaRe Antibiotics Portal,https://aware.essentialmeds.org/list,2026-07-13T20:35:59.674964+00:00
Cefpirome,cefpirome,Watch,True,True,https://list.essentialmeds.org/medicines/709,WHO AWaRe Antibiotics Portal,https://aware.essentialmeds.org/list,2026-07-13T20:35:59.678348+00:00
Cefpodoxime,cefpodoxime,Watch,True,True,https://list.essentialmeds.org/medicines/710,WHO AWaRe Antibiotics Portal,https://aware.essentialmeds.org/list,2026-07-13T20:35:59.681660+00:00
Cefprozil,cefprozil,Watch,True,True,https://list.essentialmeds.org/medicines/711,WHO AWaRe Antibiotics Portal,https://aware.essentialmeds.org/list,2026-07-13T20:35:59.708907+00:00
Cefsulodin,cefsulodin,Watch,True,True,https://list.essentialmeds.org/medicines/799,WHO AWaRe Antibiotics Portal,https://aware.essentialmeds.org/list,2026-07-13T20:35:59.719153+00:00
Ceftazidime,ceftazidime,Watch,False,False,https://list.essentialmeds.org/medicines/328,WHO AWaRe Antibiotics Portal,https://aware.essentialmeds.org/list,2026-07-13T20:35:59.725557+00:00
Cefteram,cefteram,Watch,True,True,https://list.essentialmeds.org/medicines/714,WHO AWaRe Antibiotics Portal,https://aware.essentialmeds.org/list,2026-07-13T20:35:59.742451+00:00
Ceftibuten,ceftibuten,Watch,True,True,https://list.essentialmeds.org/medicines/716,WHO AWaRe Antibiotics Portal,https://aware.essentialmeds.org/list,2026-07-13T20:35:59.748867+00:00
Ceftizoxime,ceftizoxime,Watch,True,True,https://list.essentialmeds.org/medicines/717,WHO AWaRe Antibiotics Portal,https://aware.essentialmeds.org/list,2026-07-13T20:35:59.755298+00:00
Ceftriaxone,ceftriaxone,Watch,False,False,https://list.essentialmeds.org/medicines/314,WHO AWaRe Antibiotics Portal,https://aware.essentialmeds.org/list,2026-07-13T20:35:59.765756+00:00
Cefuroxime,cefuroxime,Watch,False,False,https://list.essentialmeds.org/medicines/401,WHO AWaRe Antibiotics Portal,https://aware.essentialmeds.org/list,2026-07-13T20:35:59.784904+00:00
Chlortetracycline,chlortetracycline,Watch,True,True,https://list.essentialmeds.org/medicines/655,WHO AWaRe Antibiotics Portal,https://aware.essentialmeds.org/list,2026-07-13T20:35:59.810338+00:00
Cinoxacin,cinoxacin,Watch,True,True,https://list.essentialmeds.org/medicines/800,WHO AWaRe Antibiotics Portal,https://aware.essentialmeds.org/list,2026-07-13T20:35:59.813556+00:00
Ciprofloxacin,ciprofloxacin,Watch,False,False,https://list.essentialmeds.org/medicines/271,WHO AWaRe Antibiotics Portal,https://aware.essentialmeds.org/list,2026-07-13T20:35:59.816984+00:00
Clarithromycin,clarithromycin,Watch,False,False,https://list.essentialmeds.org/medicines/317,WHO AWaRe Antibiotics Portal,https://aware.essentialmeds.org/list,2026-07-13T20:35:59.835171+00:00
Clofoctol,clofoctol,Watch,True,True,https://list.essentialmeds.org/medicines/719,WHO AWaRe Antibiotics Portal,https://aware.essentialmeds.org/list,2026-07-13T20:35:59.853098+00:00
Clomocycline,clomocycline,Watch,True,True,https://list.essentialmeds.org/medicines/801,WHO AWaRe Antibiotics Portal,https://aware.essentialmeds.org/list,2026-07-13T20:35:59.859065+00:00
Delafloxacin,delafloxacin,Watch,True,True,https://list.essentialmeds.org/medicines/400,WHO AWaRe Antibiotics Portal,https://aware.essentialmeds.org/list,2026-07-13T20:35:59.885447+00:00
Demeclocycline,demeclocycline,Watch,True,True,https://list.essentialmeds.org/medicines/803,WHO AWaRe Antibiotics Portal,https://aware.essentialmeds.org/list,2026-07-13T20:35:59.888149+00:00
Dibekacin,dibekacin,Watch,True,True,https://list.essentialmeds.org/medicines/723,WHO AWaRe Antibiotics Portal,https://aware.essentialmeds.org/list,2026-07-13T20:35:59.890827+00:00
Dirithromycin,dirithromycin,Watch,True,True,https://list.essentialmeds.org/medicines/725,WHO AWaRe Antibiotics Portal,https://aware.essentialmeds.org/list,2026-07-13T20:35:59.896658+00:00
Doripenem,doripenem,Watch,True,True,https://list.essentialmeds.org/medicines/726,WHO AWaRe Antibiotics Portal,https://aware.essentialmeds.org/list,2026-07-13T20:35:59.899413+00:00
Enoxacin,enoxacin,Watch,True,True,https://list.essentialmeds.org/medicines/727,WHO AWaRe Antibiotics Portal,https://aware.essentialmeds.org/list,2026-07-13T20:35:59.913097+00:00
Ertapenem,ertapenem,Watch,True,True,https://list.essentialmeds.org/medicines/728,WHO AWaRe Antibiotics Portal,https://aware.essentialmeds.org/list,2026-07-13T20:35:59.921139+00:00
Erythromycin,erythromycin,Watch,True,True,https://list.essentialmeds.org/medicines/228,WHO AWaRe Antibiotics Portal,https://aware.essentialmeds.org/list,2026-07-13T20:35:59.924073+00:00
Fidaxomicin,fidaxomicin,Watch,True,True,https://list.essentialmeds.org/medicines/805,WHO AWaRe Antibiotics Portal,https://aware.essentialmeds.org/list,2026-07-13T20:35:59.934691+00:00
First choice,first choice,Watch,True,True,https://list.essentialmeds.org/recommendations/530,WHO AWaRe Antibiotics Portal,https://aware.essentialmeds.org/list,2026-07-13T20:36:00.127887+00:00
Fleroxacin,fleroxacin,Watch,True,True,https://list.essentialmeds.org/medicines/730,WHO AWaRe Antibiotics Portal,https://aware.essentialmeds.org/list,2026-07-13T20:35:59.937325+00:00
Flomoxef,flomoxef,Watch,True,True,https://list.essentialmeds.org/medicines/731,WHO AWaRe Antibiotics Portal,https://aware.essentialmeds.org/list,2026-07-13T20:35:59.939906+00:00
Flumequine,flumequine,Watch,True,True,https://list.essentialmeds.org/medicines/733,WHO AWaRe Antibiotics Portal,https://aware.essentialmeds.org/list,2026-07-13T20:35:59.944963+00:00
Flurithromycin,flurithromycin,Watch,True,True,https://list.essentialmeds.org/medicines/806,WHO AWaRe Antibiotics Portal,https://aware.essentialmeds.org/list,2026-07-13T20:35:59.947742+00:00
Fosfomycin (oral),fosfomycin oral,Watch,True,True,https://list.essentialmeds.org/medicines/869,WHO AWaRe Antibiotics Portal,https://aware.essentialmeds.org/list,2026-07-13T20:35:59.953011+00:00
Fusidic acid,fusidic acid,Watch,True,True,https://list.essentialmeds.org/medicines/734,WHO AWaRe Antibiotics Portal,https://aware.essentialmeds.org/list,2026-07-13T20:35:59.960537+00:00
Garenoxacin,garenoxacin,Watch,True,True,https://list.essentialmeds.org/medicines/735,WHO AWaRe Antibiotics Portal,https://aware.essentialmeds.org/list,2026-07-13T20:35:59.962964+00:00
Gatifloxacin,gatifloxacin,Watch,True,True,https://list.essentialmeds.org/medicines/562,WHO AWaRe Antibiotics Portal,https://aware.essentialmeds.org/list,2026-07-13T20:35:59.965430+00:00
Gemifloxacin,gemifloxacin,Watch,True,True,https://list.essentialmeds.org/medicines/736,WHO AWaRe Antibiotics Portal,https://aware.essentialmeds.org/list,2026-07-13T20:35:59.970511+00:00
Gepotidacin,gepotidacin,Watch,True,True,https://list.essentialmeds.org/medicines/984,WHO AWaRe Antibiotics Portal,https://aware.essentialmeds.org/list,2026-07-13T20:35:59.980682+00:00
Grepafloxacin,grepafloxacin,Watch,True,True,https://list.essentialmeds.org/medicines/808,WHO AWaRe Antibiotics Portal,https://aware.essentialmeds.org/list,2026-07-13T20:35:59.982904+00:00
Imipenem + cilastatin,imipenem + cilastatin,Watch,True,True,https://list.essentialmeds.org/medicines/600,WHO AWaRe Antibiotics Portal,https://aware.essentialmeds.org/list,2026-07-13T20:35:59.990034+00:00
Isepamicin,isepamicin,Watch,True,True,https://list.essentialmeds.org/medicines/737,WHO AWaRe Antibiotics Portal,https://aware.essentialmeds.org/list,2026-07-13T20:35:59.994699+00:00
Josamycin,josamycin,Watch,True,True,https://list.essentialmeds.org/medicines/738,WHO AWaRe Antibiotics Portal,https://aware.essentialmeds.org/list,2026-07-13T20:35:59.996839+00:00
Kanamycin,kanamycin,Watch,True,True,https://list.essentialmeds.org/medicines/876,WHO AWaRe Antibiotics Portal,https://aware.essentialmeds.org/list,2026-07-13T20:35:59.998954+00:00
Kanamycin (injection),kanamycin injection,Watch,True,True,https://list.essentialmeds.org/medicines/352,WHO AWaRe Antibiotics Portal,https://aware.essentialmeds.org/list,2026-07-13T20:36:00.002102+00:00
Kanamycin (oral),kanamycin oral,Watch,True,True,https://list.essentialmeds.org/medicines/812,WHO AWaRe Antibiotics Portal,https://aware.essentialmeds.org/list,2026-07-13T20:36:00.004394+00:00
Lascufloxacin,lascufloxacin,Watch,True,True,https://list.essentialmeds.org/medicines/813,WHO AWaRe Antibiotics Portal,https://aware.essentialmeds.org/list,2026-07-13T20:36:00.008851+00:00
Latamoxef,latamoxef,Watch,True,True,https://list.essentialmeds.org/medicines/740,WHO AWaRe Antibiotics Portal,https://aware.essentialmeds.org/list,2026-07-13T20:36:00.012247+00:00
Levofloxacin,levofloxacin,Watch,True,True,https://list.essentialmeds.org/medicines/353,WHO AWaRe Antibiotics Portal,https://aware.essentialmeds.org/list,2026-07-13T20:36:00.018444+00:00
Levonadifloxacin,levonadifloxacin,Watch,True,True,https://list.essentialmeds.org/medicines/815,WHO AWaRe Antibiotics Portal,https://aware.essentialmeds.org/list,2026-07-13T20:36:00.026312+00:00
Lincomycin,lincomycin,Watch,True,True,https://list.essentialmeds.org/medicines/741,WHO AWaRe Antibiotics Portal,https://aware.essentialmeds.org/list,2026-07-13T20:36:00.028606+00:00
Lomefloxacin,lomefloxacin,Watch,True,True,https://list.essentialmeds.org/medicines/742,WHO AWaRe Antibiotics Portal,https://aware.essentialmeds.org/list,2026-07-13T20:36:00.032991+00:00
Loracarbef,loracarbef,Watch,True,True,https://list.essentialmeds.org/medicines/816,WHO AWaRe Antibiotics Portal,https://aware.essentialmeds.org/list,2026-07-13T20:36:00.035422+00:00
Lymecycline,lymecycline,Watch,True,True,https://list.essentialmeds.org/medicines/743,WHO AWaRe Antibiotics Portal,https://aware.essentialmeds.org/list,2026-07-13T20:36:00.037527+00:00
Meropenem,meropenem,Watch,False,False,https://list.essentialmeds.org/medicines/329,WHO AWaRe Antibiotics Portal,https://aware.essentialmeds.org/list,2026-07-13T20:36:00.043062+00:00
Metacycline,metacycline,Watch,True,True,https://list.essentialmeds.org/medicines/745,WHO AWaRe Antibiotics Portal,https://aware.essentialmeds.org/list,2026-07-13T20:36:00.051409+00:00
Mezlocillin,mezlocillin,Watch,True,True,https://list.essentialmeds.org/medicines/746,WHO AWaRe Antibiotics Portal,https://aware.essentialmeds.org/list,2026-07-13T20:36:00.073654+00:00
Micronomicin,micronomicin,Watch,True,True,https://list.essentialmeds.org/medicines/747,WHO AWaRe Antibiotics Portal,https://aware.essentialmeds.org/list,2026-07-13T20:36:00.077894+00:00
Midecamycin,midecamycin,Watch,True,True,https://list.essentialmeds.org/medicines/748,WHO AWaRe Antibiotics Portal,https://aware.essentialmeds.org/list,2026-07-13T20:36:00.082295+00:00
Minocycline (oral),minocycline oral,Watch,True,True,https://list.essentialmeds.org/medicines/749,WHO AWaRe Antibiotics Portal,https://aware.essentialmeds.org/list,2026-07-13T20:36:00.090575+00:00
Miocamycin,miocamycin,Watch,True,True,https://list.essentialmeds.org/medicines/819,WHO AWaRe Antibiotics Portal,https://aware.essentialmeds.org/list,2026-07-13T20:36:00.094536+00:00
Moxifloxacin,moxifloxacin,Watch,False,False,https://list.essentialmeds.org/medicines/354,WHO AWaRe Antibiotics Portal,https://aware.essentialmeds.org/list,2026-07-13T20:36:00.098402+00:00
Nalidixic acid,nalidixic acid,Watch,True,True,https://list.essentialmeds.org/medicines/602,WHO AWaRe Antibiotics Portal,https://aware.essentialmeds.org/list,2026-07-13T20:36:00.105545+00:00
Nemonoxacin,nemonoxacin,Watch,True,True,https://list.essentialmeds.org/medicines/820,WHO AWaRe Antibiotics Portal,https://aware.essentialmeds.org/list,2026-07-13T20:36:00.109236+00:00
Neomycin (injection),neomycin injection,Watch,True,True,https://list.essentialmeds.org/medicines/752,WHO AWaRe Antibiotics Portal,https://aware.essentialmeds.org/list,2026-07-13T20:36:00.112956+00:00
Neomycin (oral),neomycin oral,Watch,True,True,https://list.essentialmeds.org/medicines/821,WHO AWaRe Antibiotics Portal,https://aware.essentialmeds.org/list,2026-07-13T20:36:00.116618+00:00
Netilmicin,netilmicin,Watch,True,True,https://list.essentialmeds.org/medicines/653,WHO AWaRe Antibiotics Portal,https://aware.essentialmeds.org/list,2026-07-13T20:36:00.119399+00:00
Norfloxacin,norfloxacin,Watch,True,True,https://list.essentialmeds.org/medicines/753,WHO AWaRe Antibiotics Portal,https://aware.essentialmeds.org/list,2026-07-13T20:36:00.129806+00:00
Ofloxacin,ofloxacin,Watch,True,True,https://list.essentialmeds.org/medicines/231,WHO AWaRe Antibiotics Portal,https://aware.essentialmeds.org/list,2026-07-13T20:36:00.133807+00:00
Oleandomycin,oleandomycin,Watch,True,True,https://list.essentialmeds.org/medicines/754,WHO AWaRe Antibiotics Portal,https://aware.essentialmeds.org/list,2026-07-13T20:36:00.142115+00:00
Oxolinic acid,oxolinic acid,Watch,True,True,https://list.essentialmeds.org/medicines/825,WHO AWaRe Antibiotics Portal,https://aware.essentialmeds.org/list,2026-07-13T20:36:00.152941+00:00
Oxytetracycline,oxytetracycline,Watch,True,True,https://list.essentialmeds.org/medicines/656,WHO AWaRe Antibiotics Portal,https://aware.essentialmeds.org/list,2026-07-13T20:36:00.154279+00:00
Panipenem,panipenem,Watch,True,True,https://list.essentialmeds.org/medicines/757,WHO AWaRe Antibiotics Portal,https://aware.essentialmeds.org/list,2026-07-13T20:36:00.155497+00:00
Paromomycin,paromomycin,Watch,True,True,https://list.essentialmeds.org/medicines/368,WHO AWaRe Antibiotics Portal,https://aware.essentialmeds.org/list,2026-07-13T20:36:00.156702+00:00
Pazufloxacin,pazufloxacin,Watch,True,True,https://list.essentialmeds.org/medicines/758,WHO AWaRe Antibiotics Portal,https://aware.essentialmeds.org/list,2026-07-13T20:36:00.157891+00:00
Pefloxacin,pefloxacin,Watch,True,True,https://list.essentialmeds.org/medicines/759,WHO AWaRe Antibiotics Portal,https://aware.essentialmeds.org/list,2026-07-13T20:36:00.159162+00:00
Penimepicycline,penimepicycline,Watch,True,True,https://list.essentialmeds.org/medicines/826,WHO AWaRe Antibiotics Portal,https://aware.essentialmeds.org/list,2026-07-13T20:36:00.161745+00:00
Pheneticillin,pheneticillin,Watch,True,True,https://list.essentialmeds.org/medicines/761,WHO AWaRe Antibiotics Portal,https://aware.essentialmeds.org/list,2026-07-13T20:36:00.163854+00:00
Pipemidic acid,pipemidic acid,Watch,True,True,https://list.essentialmeds.org/medicines/827,WHO AWaRe Antibiotics Portal,https://aware.essentialmeds.org/list,2026-07-13T20:36:00.169019+00:00
Piperacillin,piperacillin,Watch,True,True,https://list.essentialmeds.org/medicines/762,WHO AWaRe Antibiotics Portal,https://aware.essentialmeds.org/list,2026-07-13T20:36:00.170367+00:00
Piperacillin + tazobactam,piperacillin + tazobactam,Watch,False,False,https://list.essentialmeds.org/medicines/320,WHO AWaRe Antibiotics Portal,https://aware.essentialmeds.org/list,2026-07-13T20:36:00.173766+00:00
Piromidic acid,piromidic acid,Watch,True,True,https://list.essentialmeds.org/medicines/828,WHO AWaRe Antibiotics Portal,https://aware.essentialmeds.org/list,2026-07-13T20:36:00.176564+00:00
Pristinamycin,pristinamycin,Watch,True,True,https://list.essentialmeds.org/medicines/765,WHO AWaRe Antibiotics Portal,https://aware.essentialmeds.org/list,2026-07-13T20:36:00.184775+00:00
Prulifloxacin,prulifloxacin,Watch,True,True,https://list.essentialmeds.org/medicines/766,WHO AWaRe Antibiotics Portal,https://aware.essentialmeds.org/list,2026-07-13T20:36:00.190671+00:00
Ribostamycin,ribostamycin,Watch,True,True,https://list.essentialmeds.org/medicines/767,WHO AWaRe Antibiotics Portal,https://aware.essentialmeds.org/list,2026-07-13T20:36:00.191646+00:00
Rifabutin,rifabutin,Watch,False,False,https://list.essentialmeds.org/medicines/335,WHO AWaRe Antibiotics Portal,https://aware.essentialmeds.org/list,2026-07-13T20:36:00.192564+00:00
Rifampicin,rifampicin,Watch,True,True,https://list.essentialmeds.org/medicines/294,WHO AWaRe Antibiotics Portal,https://aware.essentialmeds.org/list,2026-07-13T20:36:00.193560+00:00
Rifamycin (injection),rifamycin injection,Watch,True,True,https://list.essentialmeds.org/medicines/768,WHO AWaRe Antibiotics Portal,https://aware.essentialmeds.org/list,2026-07-13T20:36:00.194503+00:00
Rifamycin (oral),rifamycin oral,Watch,True,True,https://list.essentialmeds.org/medicines/831,WHO AWaRe Antibiotics Portal,https://aware.essentialmeds.org/list,2026-07-13T20:36:00.195459+00:00
Rifaximin,rifaximin,Watch,True,True,https://list.essentialmeds.org/medicines/769,WHO AWaRe Antibiotics Portal,https://aware.essentialmeds.org/list,2026-07-13T20:36:00.196498+00:00
Rokitamycin,rokitamycin,Watch,True,True,https://list.essentialmeds.org/medicines/832,WHO AWaRe Antibiotics Portal,https://aware.essentialmeds.org/list,2026-07-13T20:36:00.197491+00:00
Rolitetracycline,rolitetracycline,Watch,True,True,https://list.essentialmeds.org/medicines/833,WHO AWaRe Antibiotics Portal,https://aware.essentialmeds.org/list,2026-07-13T20:36:00.198650+00:00
Rosoxacin,rosoxacin,Watch,True,True,https://list.essentialmeds.org/medicines/834,WHO AWaRe Antibiotics Portal,https://aware.essentialmeds.org/list,2026-07-13T20:36:00.199548+00:00
Roxithromycin,roxithromycin,Watch,True,True,https://list.essentialmeds.org/medicines/770,WHO AWaRe Antibiotics Portal,https://aware.essentialmeds.org/list,2026-07-13T20:36:00.200437+00:00
Rufloxacin,rufloxacin,Watch,True,True,https://list.essentialmeds.org/medicines/771,WHO AWaRe Antibiotics Portal,https://aware.essentialmeds.org/list,2026-07-13T20:36:00.201424+00:00
Sarecycline,sarecycline,Watch,True,True,https://list.essentialmeds.org/medicines/835,WHO AWaRe Antibiotics Portal,https://aware.essentialmeds.org/list,2026-07-13T20:36:00.202377+00:00
Second choice,second choice,Watch,True,True,https://list.essentialmeds.org/recommendations/559,WHO AWaRe Antibiotics Portal,https://aware.essentialmeds.org/list,2026-07-13T20:35:59.516894+00:00
Sisomicin,sisomicin,Watch,True,True,https://list.essentialmeds.org/medicines/772,WHO AWaRe Antibiotics Portal,https://aware.essentialmeds.org/list,2026-07-13T20:36:00.205049+00:00
Sitafloxacin,sitafloxacin,Watch,True,True,https://list.essentialmeds.org/medicines/773,WHO AWaRe Antibiotics Portal,https://aware.essentialmeds.org/list,2026-07-13T20:36:00.205879+00:00
Solithromycin,solithromycin,Watch,True,True,https://list.essentialmeds.org/medicines/837,WHO AWaRe Antibiotics Portal,https://aware.essentialmeds.org/list,2026-07-13T20:36:00.206708+00:00
Sparfloxacin,sparfloxacin,Watch,True,True,https://list.essentialmeds.org/medicines/774,WHO AWaRe Antibiotics Portal,https://aware.essentialmeds.org/list,2026-07-13T20:36:00.207511+00:00
Spiramycin,spiramycin,Watch,True,True,https://list.essentialmeds.org/medicines/775,WHO AWaRe Antibiotics Portal,https://aware.essentialmeds.org/list,2026-07-13T20:36:00.209752+00:00
Streptoduocin,streptoduocin,Watch,True,True,https://list.essentialmeds.org/medicines/838,WHO AWaRe Antibiotics Portal,https://aware.essentialmeds.org/list,2026-07-13T20:36:00.210615+00:00
Streptomycin (injection),streptomycin injection,Watch,True,True,https://list.essentialmeds.org/medicines/356,WHO AWaRe Antibiotics Portal,https://aware.essentialmeds.org/list,2026-07-13T20:36:00.211560+00:00
Streptomycin (oral),streptomycin oral,Watch,True,True,https://list.essentialmeds.org/medicines/839,WHO AWaRe Antibiotics Portal,https://aware.essentialmeds.org/list,2026-07-13T20:36:00.212499+00:00
Sulbenicillin,sulbenicillin,Watch,True,True,https://list.essentialmeds.org/medicines/777,WHO AWaRe Antibiotics Portal,https://aware.essentialmeds.org/list,2026-07-13T20:36:00.214275+00:00
Tazobactam,tazobactam,Watch,True,True,https://list.essentialmeds.org/medicines/863,WHO AWaRe Antibiotics Portal,https://aware.essentialmeds.org/list,2026-07-13T20:36:00.237898+00:00
Tebipenem,tebipenem,Watch,True,True,https://list.essentialmeds.org/medicines/783,WHO AWaRe Antibiotics Portal,https://aware.essentialmeds.org/list,2026-07-13T20:36:00.238390+00:00
Teicoplanin,teicoplanin,Watch,True,True,https://list.essentialmeds.org/medicines/785,WHO AWaRe Antibiotics Portal,https://aware.essentialmeds.org/list,2026-07-13T20:36:00.239297+00:00
Telithromycin,telithromycin,Watch,True,True,https://list.essentialmeds.org/medicines/787,WHO AWaRe Antibiotics Portal,https://aware.essentialmeds.org/list,2026-07-13T20:36:00.240193+00:00
Temafloxacin,temafloxacin,Watch,True,True,https://list.essentialmeds.org/medicines/864,WHO AWaRe Antibiotics Portal,https://aware.essentialmeds.org/list,2026-07-13T20:36:00.240609+00:00
Temocillin,temocillin,Watch,True,True,https://list.essentialmeds.org/medicines/788,WHO AWaRe Antibiotics Portal,https://aware.essentialmeds.org/list,2026-07-13T20:36:00.241060+00:00
Ticarcillin,ticarcillin,Watch,True,True,https://list.essentialmeds.org/medicines/790,WHO AWaRe Antibiotics Portal,https://aware.essentialmeds.org/list,2026-07-13T20:36:00.243500+00:00
Ticarcillin + clavulanic acid,ticarcillin + clavulanic acid,Watch,True,True,https://list.essentialmeds.org/medicines/988,WHO AWaRe Antibiotics Portal,https://aware.essentialmeds.org/list,2026-07-13T20:36:00.243924+00:00
Tobramycin,tobramycin,Watch,True,True,https://list.essentialmeds.org/medicines/654,WHO AWaRe Antibiotics Portal,https://aware.essentialmeds.org/list,2026-07-13T20:36:00.245738+00:00
Tosufloxacin,tosufloxacin,Watch,True,True,https://list.essentialmeds.org/medicines/791,WHO AWaRe Antibiotics Portal,https://aware.essentialmeds.org/list,2026-07-13T20:36:00.246073+00:00
Troleandomycin,troleandomycin,Watch,True,True,https://list.essentialmeds.org/medicines/867,WHO AWaRe Antibiotics Portal,https://aware.essentialmeds.org/list,2026-07-13T20:36:00.247057+00:00
Trovafloxacin,trovafloxacin,Watch,True,True,https://list.essentialmeds.org/medicines/868,WHO AWaRe Antibiotics Portal,https://aware.essentialmeds.org/list,2026-07-13T20:36:00.247481+00:00
Vancomycin,vancomycin,Watch,False,False,https://list.essentialmeds.org/medicines/333,WHO AWaRe Antibiotics Portal,https://aware.essentialmeds.org/list,2026-07-13T20:36:00.247858+00:00
